method,subject,n_channels,score
CSP+LDA,1,62,0.54
MDM,1,62,0.58
TS-LR,1,62,0.76
EEGNet,1,62,0.5199999999999999
CSP+LDA,1,16,0.7300000000000001
MDM,1,16,0.68
TS-LR,1,16,0.74
EEGNet,1,16,0.66
CSP+LDA,1,12,0.76
MDM,1,12,0.71
TS-LR,1,12,0.7699999999999999
EEGNet,1,12,0.6299999999999999
CSP+LDA,1,8,0.71
MDM,1,8,0.7
TS-LR,1,8,0.72
EEGNet,1,8,0.6
CSP+LDA,1,4,0.65
MDM,1,4,0.65
TS-LR,1,4,0.74
EEGNet,1,4,0.53
CSP+LDA,2,62,0.9800000000000001
MDM,2,62,0.67
TS-LR,2,62,0.8800000000000001
EEGNet,2,62,0.49000000000000005
CSP+LDA,2,16,0.9400000000000001
MDM,2,16,0.9099999999999999
TS-LR,2,16,0.9700000000000001
EEGNet,2,16,0.8200000000000001
CSP+LDA,2,12,0.93
MDM,2,12,0.9199999999999999
TS-LR,2,12,0.9600000000000002
EEGNet,2,12,0.8800000000000001
CSP+LDA,2,8,0.89
MDM,2,8,0.8800000000000001
TS-LR,2,8,0.9199999999999999
EEGNet,2,8,0.85
CSP+LDA,2,4,0.8299999999999998
MDM,2,4,0.7699999999999999
TS-LR,2,4,0.8099999999999999
EEGNet,2,4,0.97
CSP+LDA,3,62,0.9400000000000001
MDM,3,62,0.65
TS-LR,3,62,0.9200000000000002
EEGNet,3,62,0.6599999999999999
CSP+LDA,3,16,0.9
MDM,3,16,0.7200000000000001
TS-LR,3,16,0.95
EEGNet,3,16,0.8799999999999999
CSP+LDA,3,12,0.9099999999999999
MDM,3,12,0.71
TS-LR,3,12,0.95
EEGNet,3,12,0.8800000000000001
CSP+LDA,3,8,0.8400000000000001
MDM,3,8,0.8
TS-LR,3,8,0.85
EEGNet,3,8,0.8200000000000001
CSP+LDA,3,4,0.7
MDM,3,4,0.6599999999999999
TS-LR,3,4,0.74
EEGNet,3,4,0.79
CSP+LDA,4,62,0.52
MDM,4,62,0.5
TS-LR,4,62,0.68
EEGNet,4,62,0.6900000000000001
CSP+LDA,4,16,0.59
MDM,4,16,0.6200000000000001
TS-LR,4,16,0.6699999999999999
EEGNet,4,16,0.6799999999999999
CSP+LDA,4,12,0.5599999999999999
MDM,4,12,0.6200000000000001
TS-LR,4,12,0.68
EEGNet,4,12,0.5700000000000001
CSP+LDA,4,8,0.48
MDM,4,8,0.6200000000000001
TS-LR,4,8,0.6699999999999999
EEGNet,4,8,0.54
CSP+LDA,4,4,0.5299999999999999
MDM,4,4,0.58
TS-LR,4,4,0.56
EEGNet,4,4,0.5000000000000001
CSP+LDA,5,62,0.9200000000000002
MDM,5,62,0.76
TS-LR,5,62,0.85
EEGNet,5,62,0.5399999999999999
CSP+LDA,5,16,0.9399999999999998
MDM,5,16,0.8800000000000001
TS-LR,5,16,0.9199999999999999
EEGNet,5,16,0.8400000000000001
CSP+LDA,5,12,0.93
MDM,5,12,0.93
TS-LR,5,12,0.9099999999999999
EEGNet,5,12,0.6900000000000001
CSP+LDA,5,8,0.86
MDM,5,8,0.8299999999999998
TS-LR,5,8,0.86
EEGNet,5,8,0.68
CSP+LDA,5,4,0.7899999999999999
MDM,5,4,0.7
TS-LR,5,4,0.8300000000000001
EEGNet,5,4,0.7799999999999999
CSP+LDA,6,62,0.8099999999999999
MDM,6,62,0.61
TS-LR,6,62,0.8099999999999999
EEGNet,6,62,0.55
CSP+LDA,6,16,0.65
MDM,6,16,0.54
TS-LR,6,16,0.6399999999999999
EEGNet,6,16,0.53
CSP+LDA,6,12,0.64
MDM,6,12,0.5200000000000001
TS-LR,6,12,0.61
EEGNet,6,12,0.49000000000000005
CSP+LDA,6,8,0.63
MDM,6,8,0.54
TS-LR,6,8,0.6199999999999999
EEGNet,6,8,0.54
CSP+LDA,6,4,0.62
MDM,6,4,0.51
TS-LR,6,4,0.5900000000000001
EEGNet,6,4,0.5599999999999999
CSP+LDA,7,62,0.5900000000000001
MDM,7,62,0.59
TS-LR,7,62,0.64
EEGNet,7,62,0.52
CSP+LDA,7,16,0.5700000000000001
MDM,7,16,0.62
TS-LR,7,16,0.7100000000000001
EEGNet,7,16,0.41000000000000003
CSP+LDA,7,12,0.61
MDM,7,12,0.6
TS-LR,7,12,0.6
EEGNet,7,12,0.45
CSP+LDA,7,8,0.4699999999999999
MDM,7,8,0.57
TS-LR,7,8,0.57
EEGNet,7,8,0.53
CSP+LDA,7,4,0.5
MDM,7,4,0.5
TS-LR,7,4,0.51
EEGNet,7,4,0.41999999999999993
CSP+LDA,8,62,0.55
MDM,8,62,0.53
TS-LR,8,62,0.6599999999999999
EEGNet,8,62,0.5
CSP+LDA,8,16,0.6799999999999999
MDM,8,16,0.6
TS-LR,8,16,0.65
EEGNet,8,16,0.7
CSP+LDA,8,12,0.55
MDM,8,12,0.6100000000000001
TS-LR,8,12,0.5800000000000001
EEGNet,8,12,0.71
CSP+LDA,8,8,0.5900000000000001
MDM,8,8,0.5700000000000001
TS-LR,8,8,0.61
EEGNet,8,8,0.74
CSP+LDA,8,4,0.52
MDM,8,4,0.54
TS-LR,8,4,0.57
EEGNet,8,4,0.74
CSP+LDA,9,62,0.85
MDM,9,62,0.6699999999999999
TS-LR,9,62,0.78
EEGNet,9,62,0.75
CSP+LDA,9,16,0.8100000000000002
MDM,9,16,0.8300000000000001
TS-LR,9,16,0.7899999999999999
EEGNet,9,16,0.8299999999999998
CSP+LDA,9,12,0.8
MDM,9,12,0.86
TS-LR,9,12,0.8
EEGNet,9,12,0.79
CSP+LDA,9,8,0.8400000000000001
MDM,9,8,0.8800000000000001
TS-LR,9,8,0.8300000000000001
EEGNet,9,8,0.8299999999999998
CSP+LDA,9,4,0.8800000000000001
MDM,9,4,0.86
TS-LR,9,4,0.85
EEGNet,9,4,0.8
CSP+LDA,10,62,0.6699999999999999
MDM,10,62,0.5700000000000001
TS-LR,10,62,0.6599999999999999
EEGNet,10,62,0.63
CSP+LDA,10,16,0.5700000000000001
MDM,10,16,0.58
TS-LR,10,16,0.61
EEGNet,10,16,0.5800000000000001
CSP+LDA,10,12,0.5800000000000001
MDM,10,12,0.56
TS-LR,10,12,0.61
EEGNet,10,12,0.5900000000000001
CSP+LDA,10,8,0.58
MDM,10,8,0.5900000000000001
TS-LR,10,8,0.65
EEGNet,10,8,0.6
CSP+LDA,10,4,0.56
MDM,10,4,0.5
TS-LR,10,4,0.5700000000000001
EEGNet,10,4,0.62
CSP+LDA,11,62,0.55
MDM,11,62,0.5700000000000001
TS-LR,11,62,0.51
EEGNet,11,62,0.45
CSP+LDA,11,16,0.49000000000000005
MDM,11,16,0.53
TS-LR,11,16,0.54
EEGNet,11,16,0.51
CSP+LDA,11,12,0.5
MDM,11,12,0.47000000000000003
TS-LR,11,12,0.54
EEGNet,11,12,0.45999999999999996
CSP+LDA,11,8,0.43
MDM,11,8,0.45999999999999996
TS-LR,11,8,0.42000000000000004
EEGNet,11,8,0.5
CSP+LDA,11,4,0.47000000000000003
MDM,11,4,0.44000000000000006
TS-LR,11,4,0.45999999999999996
EEGNet,11,4,0.53
CSP+LDA,12,62,0.75
MDM,12,62,0.6100000000000001
TS-LR,12,62,0.76
EEGNet,12,62,0.5700000000000001
CSP+LDA,12,16,0.66
MDM,12,16,0.64
TS-LR,12,16,0.77
EEGNet,12,16,0.64
CSP+LDA,12,12,0.65
MDM,12,12,0.65
TS-LR,12,12,0.75
EEGNet,12,12,0.62
CSP+LDA,12,8,0.65
MDM,12,8,0.63
TS-LR,12,8,0.71
EEGNet,12,8,0.64
CSP+LDA,12,4,0.68
MDM,12,4,0.62
TS-LR,12,4,0.7
EEGNet,12,4,0.62
CSP+LDA,13,62,0.6399999999999999
MDM,13,62,0.52
TS-LR,13,62,0.5900000000000001
EEGNet,13,62,0.55
CSP+LDA,13,16,0.6799999999999999
MDM,13,16,0.62
TS-LR,13,16,0.74
EEGNet,13,16,0.5
CSP+LDA,13,12,0.66
MDM,13,12,0.5900000000000001
TS-LR,13,12,0.7300000000000001
EEGNet,13,12,0.5199999999999999
CSP+LDA,13,8,0.62
MDM,13,8,0.5700000000000001
TS-LR,13,8,0.72
EEGNet,13,8,0.58
CSP+LDA,13,4,0.62
MDM,13,4,0.6100000000000001
TS-LR,13,4,0.6300000000000001
EEGNet,13,4,0.49000000000000005
CSP+LDA,14,62,0.58
MDM,14,62,0.55
TS-LR,14,62,0.6799999999999999
EEGNet,14,62,0.52
CSP+LDA,14,16,0.7000000000000001
MDM,14,16,0.5700000000000001
TS-LR,14,16,0.6900000000000001
EEGNet,14,16,0.48999999999999994
CSP+LDA,14,12,0.65
MDM,14,12,0.5700000000000001
TS-LR,14,12,0.7
EEGNet,14,12,0.53
CSP+LDA,14,8,0.66
MDM,14,8,0.6000000000000001
TS-LR,14,8,0.6700000000000002
EEGNet,14,8,0.5599999999999999
CSP+LDA,14,4,0.56
MDM,14,4,0.51
TS-LR,14,4,0.5800000000000001
EEGNet,14,4,0.51
CSP+LDA,15,62,0.59
MDM,15,62,0.6
TS-LR,15,62,0.74
EEGNet,15,62,0.76
CSP+LDA,15,16,0.58
MDM,15,16,0.5200000000000001
TS-LR,15,16,0.6599999999999999
EEGNet,15,16,0.6
CSP+LDA,15,12,0.61
MDM,15,12,0.53
TS-LR,15,12,0.67
EEGNet,15,12,0.7100000000000002
CSP+LDA,15,8,0.64
MDM,15,8,0.5599999999999999
TS-LR,15,8,0.67
EEGNet,15,8,0.5800000000000001
CSP+LDA,15,4,0.57
MDM,15,4,0.55
TS-LR,15,4,0.55
EEGNet,15,4,0.5399999999999999
CSP+LDA,16,62,0.62
MDM,16,62,0.65
TS-LR,16,62,0.67
EEGNet,16,62,0.5800000000000001
CSP+LDA,16,16,0.6
MDM,16,16,0.6699999999999999
TS-LR,16,16,0.6599999999999999
EEGNet,16,16,0.58
CSP+LDA,16,12,0.65
MDM,16,12,0.6599999999999999
TS-LR,16,12,0.61
EEGNet,16,12,0.61
CSP+LDA,16,8,0.6199999999999999
MDM,16,8,0.6899999999999998
TS-LR,16,8,0.64
EEGNet,16,8,0.53
CSP+LDA,16,4,0.63
MDM,16,4,0.6399999999999999
TS-LR,16,4,0.6300000000000001
EEGNet,16,4,0.5999999999999999
CSP+LDA,17,62,0.7
MDM,17,62,0.56
TS-LR,17,62,0.74
EEGNet,17,62,0.6
CSP+LDA,17,16,0.8
MDM,17,16,0.68
TS-LR,17,16,0.8300000000000001
EEGNet,17,16,0.5
CSP+LDA,17,12,0.79
MDM,17,12,0.67
TS-LR,17,12,0.8300000000000001
EEGNet,17,12,0.53
CSP+LDA,17,8,0.79
MDM,17,8,0.7
TS-LR,17,8,0.74
EEGNet,17,8,0.47000000000000003
CSP+LDA,17,4,0.68
MDM,17,4,0.5900000000000001
TS-LR,17,4,0.6100000000000001
EEGNet,17,4,0.48
CSP+LDA,18,62,0.9399999999999998
MDM,18,62,0.85
TS-LR,18,62,0.9400000000000001
EEGNet,18,62,0.71
CSP+LDA,18,16,0.9600000000000002
MDM,18,16,0.9399999999999998
TS-LR,18,16,0.9800000000000001
EEGNet,18,16,0.93
CSP+LDA,18,12,0.93
MDM,18,12,0.95
TS-LR,18,12,0.95
EEGNet,18,12,0.8799999999999999
CSP+LDA,18,8,0.9099999999999999
MDM,18,8,0.8800000000000001
TS-LR,18,8,0.93
EEGNet,18,8,0.86
CSP+LDA,18,4,0.9
MDM,18,4,0.89
TS-LR,18,4,0.89
EEGNet,18,4,0.86
CSP+LDA,19,62,0.85
MDM,19,62,0.6
TS-LR,19,62,0.7200000000000001
EEGNet,19,62,0.71
CSP+LDA,19,16,0.82
MDM,19,16,0.72
TS-LR,19,16,0.76
EEGNet,19,16,0.72
CSP+LDA,19,12,0.8
MDM,19,12,0.7300000000000001
TS-LR,19,12,0.73
EEGNet,19,12,0.69
CSP+LDA,19,8,0.8399999999999999
MDM,19,8,0.74
TS-LR,19,8,0.7699999999999999
EEGNet,19,8,0.74
CSP+LDA,19,4,0.77
MDM,19,4,0.72
TS-LR,19,4,0.77
EEGNet,19,4,0.82
CSP+LDA,20,62,0.7200000000000001
MDM,20,62,0.55
TS-LR,20,62,0.65
EEGNet,20,62,0.52
CSP+LDA,20,16,0.61
MDM,20,16,0.5900000000000001
TS-LR,20,16,0.67
EEGNet,20,16,0.65
CSP+LDA,20,12,0.64
MDM,20,12,0.5900000000000001
TS-LR,20,12,0.67
EEGNet,20,12,0.5800000000000001
CSP+LDA,20,8,0.6499999999999999
MDM,20,8,0.63
TS-LR,20,8,0.6599999999999999
EEGNet,20,8,0.5
CSP+LDA,20,4,0.5900000000000001
MDM,20,4,0.53
TS-LR,20,4,0.6
EEGNet,20,4,0.49000000000000005
CSP+LDA,21,62,0.9800000000000001
MDM,21,62,0.7799999999999999
TS-LR,21,62,0.96
EEGNet,21,62,0.89
CSP+LDA,21,16,0.96
MDM,21,16,0.9400000000000001
TS-LR,21,16,0.96
EEGNet,21,16,0.9099999999999999
CSP+LDA,21,12,0.96
MDM,21,12,0.95
TS-LR,21,12,0.95
EEGNet,21,12,0.95
CSP+LDA,21,8,0.93
MDM,21,8,0.9200000000000002
TS-LR,21,8,0.93
EEGNet,21,8,0.9
CSP+LDA,21,4,0.85
MDM,21,4,0.8399999999999999
TS-LR,21,4,0.85
EEGNet,21,4,0.8300000000000001
CSP+LDA,22,62,0.63
MDM,22,62,0.5900000000000001
TS-LR,22,62,0.79
EEGNet,22,62,0.5900000000000001
CSP+LDA,22,16,0.7200000000000001
MDM,22,16,0.6500000000000001
TS-LR,22,16,0.77
EEGNet,22,16,0.62
CSP+LDA,22,12,0.6599999999999999
MDM,22,12,0.6599999999999999
TS-LR,22,12,0.7999999999999999
EEGNet,22,12,0.6
CSP+LDA,22,8,0.6900000000000001
MDM,22,8,0.64
TS-LR,22,8,0.79
EEGNet,22,8,0.68
CSP+LDA,22,4,0.7299999999999999
MDM,22,4,0.64
TS-LR,22,4,0.75
EEGNet,22,4,0.5900000000000001
CSP+LDA,23,62,0.93
MDM,23,62,0.64
TS-LR,23,62,0.8300000000000001
EEGNet,23,62,0.62
CSP+LDA,23,16,0.9400000000000001
MDM,23,16,0.8400000000000001
TS-LR,23,16,0.9200000000000002
EEGNet,23,16,0.8099999999999999
CSP+LDA,23,12,0.9
MDM,23,12,0.85
TS-LR,23,12,0.9199999999999999
EEGNet,23,12,0.6
CSP+LDA,23,8,0.9
MDM,23,8,0.8200000000000001
TS-LR,23,8,0.9200000000000002
EEGNet,23,8,0.7699999999999999
CSP+LDA,23,4,0.6799999999999999
MDM,23,4,0.5900000000000001
TS-LR,23,4,0.6699999999999999
EEGNet,23,4,0.78
CSP+LDA,24,62,0.85
MDM,24,62,0.75
TS-LR,24,62,0.8
EEGNet,24,62,0.6300000000000001
CSP+LDA,24,16,0.65
MDM,24,16,0.65
TS-LR,24,16,0.6799999999999999
EEGNet,24,16,0.47000000000000003
CSP+LDA,24,12,0.5900000000000001
MDM,24,12,0.63
TS-LR,24,12,0.6
EEGNet,24,12,0.6599999999999999
CSP+LDA,24,8,0.6599999999999999
MDM,24,8,0.65
TS-LR,24,8,0.67
EEGNet,24,8,0.53
CSP+LDA,24,4,0.6
MDM,24,4,0.6399999999999999
TS-LR,24,4,0.61
EEGNet,24,4,0.6
CSP+LDA,25,62,0.5599999999999999
MDM,25,62,0.61
TS-LR,25,62,0.6599999999999999
EEGNet,25,62,0.4699999999999999
CSP+LDA,25,16,0.5700000000000001
MDM,25,16,0.5700000000000001
TS-LR,25,16,0.5900000000000001
EEGNet,25,16,0.42000000000000004
CSP+LDA,25,12,0.47000000000000003
MDM,25,12,0.5599999999999999
TS-LR,25,12,0.53
EEGNet,25,12,0.53
CSP+LDA,25,8,0.5199999999999999
MDM,25,8,0.62
TS-LR,25,8,0.5599999999999999
EEGNet,25,8,0.49000000000000005
CSP+LDA,25,4,0.5399999999999999
MDM,25,4,0.58
TS-LR,25,4,0.54
EEGNet,25,4,0.43
CSP+LDA,26,62,0.4800000000000001
MDM,26,62,0.52
TS-LR,26,62,0.54
EEGNet,26,62,0.52
CSP+LDA,26,16,0.55
MDM,26,16,0.5199999999999999
TS-LR,26,16,0.63
EEGNet,26,16,0.4699999999999999
CSP+LDA,26,12,0.6100000000000001
MDM,26,12,0.55
TS-LR,26,12,0.6399999999999999
EEGNet,26,12,0.45999999999999996
CSP+LDA,26,8,0.52
MDM,26,8,0.5
TS-LR,26,8,0.5900000000000001
EEGNet,26,8,0.5599999999999999
CSP+LDA,26,4,0.59
MDM,26,4,0.45999999999999996
TS-LR,26,4,0.58
EEGNet,26,4,0.51
CSP+LDA,27,62,0.37
MDM,27,62,0.38
TS-LR,27,62,0.41
EEGNet,27,62,0.45
CSP+LDA,27,16,0.48
MDM,27,16,0.53
TS-LR,27,16,0.56
EEGNet,27,16,0.5
CSP+LDA,27,12,0.47000000000000003
MDM,27,12,0.53
TS-LR,27,12,0.5199999999999999
EEGNet,27,12,0.45
CSP+LDA,27,8,0.55
MDM,27,8,0.62
TS-LR,27,8,0.6100000000000001
EEGNet,27,8,0.45
CSP+LDA,27,4,0.53
MDM,27,4,0.54
TS-LR,27,4,0.6
EEGNet,27,4,0.45
CSP+LDA,28,62,0.74
MDM,28,62,0.67
TS-LR,28,62,0.8699999999999999
EEGNet,28,62,0.64
CSP+LDA,28,16,0.6799999999999999
MDM,28,16,0.7000000000000001
TS-LR,28,16,0.86
EEGNet,28,16,0.68
CSP+LDA,28,12,0.78
MDM,28,12,0.7000000000000001
TS-LR,28,12,0.85
EEGNet,28,12,0.74
CSP+LDA,28,8,0.8
MDM,28,8,0.6900000000000001
TS-LR,28,8,0.7899999999999999
EEGNet,28,8,0.7
CSP+LDA,28,4,0.68
MDM,28,4,0.5899999999999999
TS-LR,28,4,0.68
EEGNet,28,4,0.6900000000000001
CSP+LDA,29,62,0.76
MDM,29,62,0.82
TS-LR,29,62,0.89
EEGNet,29,62,0.8399999999999999
CSP+LDA,29,16,0.76
MDM,29,16,0.6900000000000001
TS-LR,29,16,0.8
EEGNet,29,16,0.6199999999999999
CSP+LDA,29,12,0.74
MDM,29,12,0.71
TS-LR,29,12,0.8
EEGNet,29,12,0.63
CSP+LDA,29,8,0.72
MDM,29,8,0.6900000000000001
TS-LR,29,8,0.7700000000000001
EEGNet,29,8,0.6799999999999999
CSP+LDA,29,4,0.63
MDM,29,4,0.6799999999999999
TS-LR,29,4,0.79
EEGNet,29,4,0.6399999999999999
CSP+LDA,30,62,0.7
MDM,30,62,0.5700000000000001
TS-LR,30,62,0.6599999999999999
EEGNet,30,62,0.6
CSP+LDA,30,16,0.7
MDM,30,16,0.65
TS-LR,30,16,0.7300000000000001
EEGNet,30,16,0.63
CSP+LDA,30,12,0.66
MDM,30,12,0.67
TS-LR,30,12,0.7100000000000001
EEGNet,30,12,0.5900000000000001
CSP+LDA,30,8,0.6300000000000001
MDM,30,8,0.61
TS-LR,30,8,0.64
EEGNet,30,8,0.51
CSP+LDA,30,4,0.54
MDM,30,4,0.5900000000000001
TS-LR,30,4,0.58
EEGNet,30,4,0.6
CSP+LDA,31,62,0.55
MDM,31,62,0.5999999999999999
TS-LR,31,62,0.63
EEGNet,31,62,0.5700000000000001
CSP+LDA,31,16,0.5900000000000001
MDM,31,16,0.5700000000000001
TS-LR,31,16,0.6599999999999999
EEGNet,31,16,0.58
CSP+LDA,31,12,0.6399999999999999
MDM,31,12,0.5900000000000001
TS-LR,31,12,0.6599999999999999
EEGNet,31,12,0.6
CSP+LDA,31,8,0.61
MDM,31,8,0.5700000000000001
TS-LR,31,8,0.61
EEGNet,31,8,0.4699999999999999
CSP+LDA,31,4,0.6199999999999999
MDM,31,4,0.58
TS-LR,31,4,0.63
EEGNet,31,4,0.55
CSP+LDA,32,62,0.99
MDM,32,62,0.9299999999999999
TS-LR,32,62,0.96
EEGNet,32,62,0.89
CSP+LDA,32,16,0.97
MDM,32,16,0.95
TS-LR,32,16,0.97
EEGNet,32,16,0.97
CSP+LDA,32,12,0.97
MDM,32,12,0.97
TS-LR,32,12,0.99
EEGNet,32,12,0.96
CSP+LDA,32,8,0.95
MDM,32,8,0.96
TS-LR,32,8,0.95
EEGNet,32,8,0.9400000000000001
CSP+LDA,32,4,0.93
MDM,32,4,0.9400000000000001
TS-LR,32,4,0.93
EEGNet,32,4,0.93
CSP+LDA,33,62,0.9
MDM,33,62,0.8299999999999998
TS-LR,33,62,0.96
EEGNet,33,62,0.89
CSP+LDA,33,16,0.9400000000000001
MDM,33,16,0.8800000000000001
TS-LR,33,16,0.96
EEGNet,33,16,0.9400000000000001
CSP+LDA,33,12,0.93
MDM,33,12,0.9099999999999999
TS-LR,33,12,0.9200000000000002
EEGNet,33,12,0.9
CSP+LDA,33,8,0.8800000000000001
MDM,33,8,0.8400000000000001
TS-LR,33,8,0.9
EEGNet,33,8,0.9400000000000001
CSP+LDA,33,4,0.8099999999999999
MDM,33,4,0.8
TS-LR,33,4,0.8099999999999999
EEGNet,33,4,0.9099999999999999
CSP+LDA,34,62,0.5
MDM,34,62,0.51
TS-LR,34,62,0.5900000000000001
EEGNet,34,62,0.55
CSP+LDA,34,16,0.44000000000000006
MDM,34,16,0.48999999999999994
TS-LR,34,16,0.5800000000000001
EEGNet,34,16,0.5
CSP+LDA,34,12,0.51
MDM,34,12,0.48999999999999994
TS-LR,34,12,0.59
EEGNet,34,12,0.53
CSP+LDA,34,8,0.58
MDM,34,8,0.5
TS-LR,34,8,0.63
EEGNet,34,8,0.57
CSP+LDA,34,4,0.47000000000000003
MDM,34,4,0.41
TS-LR,34,4,0.45
EEGNet,34,4,0.51
CSP+LDA,35,62,0.78
MDM,35,62,0.6
TS-LR,35,62,0.79
EEGNet,35,62,0.68
CSP+LDA,35,16,0.55
MDM,35,16,0.47000000000000003
TS-LR,35,16,0.5599999999999999
EEGNet,35,16,0.43
CSP+LDA,35,12,0.5
MDM,35,12,0.5
TS-LR,35,12,0.54
EEGNet,35,12,0.49000000000000005
CSP+LDA,35,8,0.55
MDM,35,8,0.4800000000000001
TS-LR,35,8,0.53
EEGNet,35,8,0.52
CSP+LDA,35,4,0.5199999999999999
MDM,35,4,0.48999999999999994
TS-LR,35,4,0.53
EEGNet,35,4,0.5900000000000001
CSP+LDA,36,62,0.97
MDM,36,62,0.96
TS-LR,36,62,0.96
EEGNet,36,62,0.93
CSP+LDA,36,16,0.97
MDM,36,16,0.96
TS-LR,36,16,0.95
EEGNet,36,16,0.95
CSP+LDA,36,12,0.95
MDM,36,12,0.95
TS-LR,36,12,0.95
EEGNet,36,12,0.9399999999999998
CSP+LDA,36,8,0.9299999999999999
MDM,36,8,0.9400000000000001
TS-LR,36,8,0.9400000000000001
EEGNet,36,8,0.95
CSP+LDA,36,4,0.93
MDM,36,4,0.9199999999999999
TS-LR,36,4,0.9400000000000001
EEGNet,36,4,0.9399999999999998
CSP+LDA,37,62,0.9800000000000001
MDM,37,62,0.8800000000000001
TS-LR,37,62,0.95
EEGNet,37,62,0.95
CSP+LDA,37,16,0.97
MDM,37,16,0.9400000000000001
TS-LR,37,16,0.95
EEGNet,37,16,0.9400000000000001
CSP+LDA,37,12,0.97
MDM,37,12,0.9400000000000001
TS-LR,37,12,0.9299999999999999
EEGNet,37,12,0.9400000000000001
CSP+LDA,37,8,0.9199999999999999
MDM,37,8,0.9400000000000001
TS-LR,37,8,0.9099999999999999
EEGNet,37,8,0.93
CSP+LDA,37,4,0.93
MDM,37,4,0.95
TS-LR,37,4,0.9400000000000001
EEGNet,37,4,0.9399999999999998
CSP+LDA,38,62,0.5
MDM,38,62,0.56
TS-LR,38,62,0.6799999999999999
EEGNet,38,62,0.5900000000000001
CSP+LDA,38,16,0.5
MDM,38,16,0.65
TS-LR,38,16,0.67
EEGNet,38,16,0.55
CSP+LDA,38,12,0.5900000000000001
MDM,38,12,0.6599999999999999
TS-LR,38,12,0.62
EEGNet,38,12,0.54
CSP+LDA,38,8,0.53
MDM,38,8,0.6599999999999999
TS-LR,38,8,0.65
EEGNet,38,8,0.5
CSP+LDA,38,4,0.6
MDM,38,4,0.6
TS-LR,38,4,0.6300000000000001
EEGNet,38,4,0.5700000000000001
CSP+LDA,39,62,0.7899999999999999
MDM,39,62,0.64
TS-LR,39,62,0.8
EEGNet,39,62,0.59
CSP+LDA,39,16,0.85
MDM,39,16,0.76
TS-LR,39,16,0.9
EEGNet,39,16,0.72
CSP+LDA,39,12,0.82
MDM,39,12,0.76
TS-LR,39,12,0.8800000000000001
EEGNet,39,12,0.6900000000000001
CSP+LDA,39,8,0.79
MDM,39,8,0.74
TS-LR,39,8,0.82
EEGNet,39,8,0.72
CSP+LDA,39,4,0.66
MDM,39,4,0.68
TS-LR,39,4,0.71
EEGNet,39,4,0.6700000000000002
CSP+LDA,40,62,0.4600000000000001
MDM,40,62,0.55
TS-LR,40,62,0.53
EEGNet,40,62,0.48
CSP+LDA,40,16,0.48
MDM,40,16,0.54
TS-LR,40,16,0.6399999999999999
EEGNet,40,16,0.5
CSP+LDA,40,12,0.48
MDM,40,12,0.55
TS-LR,40,12,0.63
EEGNet,40,12,0.44000000000000006
CSP+LDA,40,8,0.51
MDM,40,8,0.5900000000000001
TS-LR,40,8,0.53
EEGNet,40,8,0.42000000000000004
CSP+LDA,40,4,0.6100000000000001
MDM,40,4,0.6
TS-LR,40,4,0.63
EEGNet,40,4,0.53
CSP+LDA,41,62,0.62
MDM,41,62,0.43000000000000005
TS-LR,41,62,0.45
EEGNet,41,62,0.5599999999999999
CSP+LDA,41,16,0.51
MDM,41,16,0.45
TS-LR,41,16,0.55
EEGNet,41,16,0.4800000000000001
CSP+LDA,41,12,0.65
MDM,41,12,0.51
TS-LR,41,12,0.5800000000000001
EEGNet,41,12,0.45000000000000007
CSP+LDA,41,8,0.6100000000000001
MDM,41,8,0.49000000000000005
TS-LR,41,8,0.5599999999999999
EEGNet,41,8,0.51
CSP+LDA,41,4,0.5
MDM,41,4,0.4600000000000001
TS-LR,41,4,0.42000000000000004
EEGNet,41,4,0.54
CSP+LDA,42,62,0.5999999999999999
MDM,42,62,0.56
TS-LR,42,62,0.6
EEGNet,42,62,0.64
CSP+LDA,42,16,0.6100000000000001
MDM,42,16,0.5900000000000001
TS-LR,42,16,0.68
EEGNet,42,16,0.53
CSP+LDA,42,12,0.6299999999999999
MDM,42,12,0.59
TS-LR,42,12,0.5900000000000001
EEGNet,42,12,0.5599999999999999
CSP+LDA,42,8,0.5199999999999999
MDM,42,8,0.54
TS-LR,42,8,0.59
EEGNet,42,8,0.55
CSP+LDA,42,4,0.55
MDM,42,4,0.57
TS-LR,42,4,0.5800000000000001
EEGNet,42,4,0.5900000000000001
CSP+LDA,43,62,0.79
MDM,43,62,0.6300000000000001
TS-LR,43,62,0.8099999999999999
EEGNet,43,62,0.54
CSP+LDA,43,16,0.8299999999999998
MDM,43,16,0.7899999999999998
TS-LR,43,16,0.79
EEGNet,43,16,0.55
CSP+LDA,43,12,0.8300000000000001
MDM,43,12,0.8099999999999999
TS-LR,43,12,0.8100000000000002
EEGNet,43,12,0.55
CSP+LDA,43,8,0.8099999999999999
MDM,43,8,0.8200000000000001
TS-LR,43,8,0.8400000000000001
EEGNet,43,8,0.52
CSP+LDA,43,4,0.6200000000000001
MDM,43,4,0.64
TS-LR,43,4,0.63
EEGNet,43,4,0.5599999999999999
CSP+LDA,44,62,0.9
MDM,44,62,0.6
TS-LR,44,62,0.8699999999999999
EEGNet,44,62,0.8
CSP+LDA,44,16,0.89
MDM,44,16,0.9
TS-LR,44,16,0.8799999999999999
EEGNet,44,16,0.8700000000000001
CSP+LDA,44,12,0.9
MDM,44,12,0.8999999999999998
TS-LR,44,12,0.9
EEGNet,44,12,0.85
CSP+LDA,44,8,0.9
MDM,44,8,0.8699999999999999
TS-LR,44,8,0.8699999999999999
EEGNet,44,8,0.85
CSP+LDA,44,4,0.8400000000000001
MDM,44,4,0.8400000000000001
TS-LR,44,4,0.8200000000000001
EEGNet,44,4,0.8699999999999999
CSP+LDA,45,62,0.9
MDM,45,62,0.5700000000000001
TS-LR,45,62,0.78
EEGNet,45,62,0.66
CSP+LDA,45,16,0.8700000000000001
MDM,45,16,0.58
TS-LR,45,16,0.8800000000000001
EEGNet,45,16,0.75
CSP+LDA,45,12,0.8600000000000001
MDM,45,12,0.58
TS-LR,45,12,0.86
EEGNet,45,12,0.71
CSP+LDA,45,8,0.8299999999999998
MDM,45,8,0.67
TS-LR,45,8,0.8300000000000001
EEGNet,45,8,0.74
CSP+LDA,45,4,0.76
MDM,45,4,0.6900000000000001
TS-LR,45,4,0.76
EEGNet,45,4,0.6699999999999999
CSP+LDA,46,62,0.55
MDM,46,62,0.62
TS-LR,46,62,0.67
EEGNet,46,62,0.5599999999999999
CSP+LDA,46,16,0.6200000000000001
MDM,46,16,0.62
TS-LR,46,16,0.6599999999999999
EEGNet,46,16,0.5900000000000001
CSP+LDA,46,12,0.5700000000000001
MDM,46,12,0.63
TS-LR,46,12,0.69
EEGNet,46,12,0.55
CSP+LDA,46,8,0.62
MDM,46,8,0.6300000000000001
TS-LR,46,8,0.65
EEGNet,46,8,0.5599999999999999
CSP+LDA,46,4,0.68
MDM,46,4,0.65
TS-LR,46,4,0.6
EEGNet,46,4,0.6199999999999999
CSP+LDA,47,62,0.61
MDM,47,62,0.5999999999999999
TS-LR,47,62,0.61
EEGNet,47,62,0.6
CSP+LDA,47,16,0.47000000000000003
MDM,47,16,0.57
TS-LR,47,16,0.6000000000000001
EEGNet,47,16,0.45
CSP+LDA,47,12,0.64
MDM,47,12,0.5900000000000001
TS-LR,47,12,0.63
EEGNet,47,12,0.47000000000000003
CSP+LDA,47,8,0.65
MDM,47,8,0.57
TS-LR,47,8,0.5800000000000001
EEGNet,47,8,0.53
CSP+LDA,47,4,0.62
MDM,47,4,0.5700000000000001
TS-LR,47,4,0.5900000000000001
EEGNet,47,4,0.56
CSP+LDA,48,62,0.6300000000000001
MDM,48,62,0.5399999999999999
TS-LR,48,62,0.75
EEGNet,48,62,0.62
CSP+LDA,48,16,0.6500000000000001
MDM,48,16,0.65
TS-LR,48,16,0.69
EEGNet,48,16,0.51
CSP+LDA,48,12,0.65
MDM,48,12,0.63
TS-LR,48,12,0.6600000000000001
EEGNet,48,12,0.56
CSP+LDA,48,8,0.58
MDM,48,8,0.5700000000000001
TS-LR,48,8,0.5900000000000001
EEGNet,48,8,0.55
CSP+LDA,48,4,0.55
MDM,48,4,0.5599999999999999
TS-LR,48,4,0.53
EEGNet,48,4,0.43000000000000005
CSP+LDA,49,62,0.7399999999999999
MDM,49,62,0.7100000000000001
TS-LR,49,62,0.74
EEGNet,49,62,0.51
CSP+LDA,49,16,0.7300000000000001
MDM,49,16,0.6900000000000001
TS-LR,49,16,0.75
EEGNet,49,16,0.57
CSP+LDA,49,12,0.77
MDM,49,12,0.67
TS-LR,49,12,0.7300000000000001
EEGNet,49,12,0.51
CSP+LDA,49,8,0.72
MDM,49,8,0.69
TS-LR,49,8,0.76
EEGNet,49,8,0.63
CSP+LDA,49,4,0.74
MDM,49,4,0.6599999999999999
TS-LR,49,4,0.6900000000000001
EEGNet,49,4,0.51
CSP+LDA,50,62,0.6
MDM,50,62,0.5999999999999999
TS-LR,50,62,0.73
EEGNet,50,62,0.5599999999999999
CSP+LDA,50,16,0.6
MDM,50,16,0.59
TS-LR,50,16,0.63
EEGNet,50,16,0.4600000000000001
CSP+LDA,50,12,0.61
MDM,50,12,0.59
TS-LR,50,12,0.61
EEGNet,50,12,0.51
CSP+LDA,50,8,0.6100000000000001
MDM,50,8,0.58
TS-LR,50,8,0.5999999999999999
EEGNet,50,8,0.5
CSP+LDA,50,4,0.5900000000000001
MDM,50,4,0.58
TS-LR,50,4,0.6100000000000001
EEGNet,50,4,0.45
CSP+LDA,51,62,0.58
MDM,51,62,0.5800000000000001
TS-LR,51,62,0.6700000000000002
EEGNet,51,62,0.55
CSP+LDA,51,16,0.6
MDM,51,16,0.5700000000000001
TS-LR,51,16,0.7000000000000001
EEGNet,51,16,0.51
CSP+LDA,51,12,0.57
MDM,51,12,0.6300000000000001
TS-LR,51,12,0.74
EEGNet,51,12,0.44000000000000006
CSP+LDA,51,8,0.65
MDM,51,8,0.62
TS-LR,51,8,0.66
EEGNet,51,8,0.5
CSP+LDA,51,4,0.58
MDM,51,4,0.59
TS-LR,51,4,0.63
EEGNet,51,4,0.49000000000000005
CSP+LDA,52,62,0.7
MDM,52,62,0.63
TS-LR,52,62,0.7
EEGNet,52,62,0.49000000000000005
CSP+LDA,52,16,0.79
MDM,52,16,0.7
TS-LR,52,16,0.6900000000000001
EEGNet,52,16,0.54
CSP+LDA,52,12,0.76
MDM,52,12,0.6799999999999999
TS-LR,52,12,0.7
EEGNet,52,12,0.52
CSP+LDA,52,8,0.6900000000000001
MDM,52,8,0.6900000000000002
TS-LR,52,8,0.6699999999999999
EEGNet,52,8,0.5700000000000001
CSP+LDA,52,4,0.55
MDM,52,4,0.61
TS-LR,52,4,0.55
EEGNet,52,4,0.51
CSP+LDA,53,62,0.51
MDM,53,62,0.53
TS-LR,53,62,0.5799999999999998
EEGNet,53,62,0.47000000000000003
CSP+LDA,53,16,0.5599999999999999
MDM,53,16,0.5700000000000001
TS-LR,53,16,0.6300000000000001
EEGNet,53,16,0.6300000000000001
CSP+LDA,53,12,0.58
MDM,53,12,0.5499999999999999
TS-LR,53,12,0.64
EEGNet,53,12,0.54
CSP+LDA,53,8,0.61
MDM,53,8,0.62
TS-LR,53,8,0.6799999999999999
EEGNet,53,8,0.58
CSP+LDA,53,4,0.5199999999999999
MDM,53,4,0.53
TS-LR,53,4,0.55
EEGNet,53,4,0.49000000000000005
CSP+LDA,54,62,0.54
MDM,54,62,0.61
TS-LR,54,62,0.62
EEGNet,54,62,0.47000000000000003
CSP+LDA,54,16,0.53
MDM,54,16,0.54
TS-LR,54,16,0.5800000000000001
EEGNet,54,16,0.48
CSP+LDA,54,12,0.51
MDM,54,12,0.52
TS-LR,54,12,0.5900000000000001
EEGNet,54,12,0.53
CSP+LDA,54,8,0.5700000000000001
MDM,54,8,0.47000000000000003
TS-LR,54,8,0.58
EEGNet,54,8,0.45
CSP+LDA,54,4,0.52
MDM,54,4,0.47000000000000003
TS-LR,54,4,0.49000000000000005
EEGNet,54,4,0.44000000000000006
